Book Id,Title,Author,Author l-f,Additional Authors,ISBN,ISBN13,My Rating,Average Rating,Publisher,Binding,Number of Pages,Year Published,Original Publication Year,Date Read,Date Added,Bookshelves,Bookshelves with positions,Exclusive Shelf,My Review,Spoiler,Private Notes,Read Count,Owned Copies
58724601,Drunk on All Your Strange New Words,Eddie Robson,"Robson, Eddie",,"=""1250807344""","=""9781250807342""",0,3.97,Tordotcom,Hardcover,277,2022,2022,,2022/11/14,to-read,to-read (#66),to-read,,,,0,0
43800,"La hora de las brujas (Las brujas de Mayfair, #1)",Anne Rice,"Rice, Anne",Silvia Komet Dain,"=""8466621318""","=""9788466621311""",0,4.11,Ediciones B,Paperback,1264,2005,1990,,2021/10/23,currently-reading,currently-reading (#1),currently-reading,,,,1,0
4442255,"Der Name des Windes (Die Königsmörder-Chronik, #1)",Patrick Rothfuss,"Rothfuss, Patrick",Jochen Schwarzer,"=""360893815X""","=""9783608938159""",0,4.52,Klett-Cotta,Hardcover,863,2008,2007,,2022/11/11,currently-reading,currently-reading (#2),currently-reading,,,,1,0
1139633,Sobre la certeza,Ludwig Wittgenstein,"Wittgenstein, Ludwig",,"=""8474322952""","=""9788474322958""",0,4.16,Gedisa,Paperback,192,2009,1969,,2022/06/22,on-hold,on-hold (#9),on-hold,,,,0,0
5978003,Contra la interpretación y otros ensayos,Susan Sontag,"Sontag, Susan",,"=""9875664251""","=""9789875664258""",0,4.13,DeBolsillo,Mass Market Paperback,400,,1966,,2022/08/30,on-hold,on-hold (#8),on-hold,,,,0,0
58023419,La España de las piscinas,Jorge Dioni López,"López, Jorge Dioni",,"=""""","=""9788417623951""",3,3.80,Arpa Editores,Paperback,272,2021,,2022/11/10,2022/09/22,urbanismo,urbanismo (#4),read,,,,1,0
53110392,Devaluación continua: Informe urgente sobre alumnos y profesores de secundaria,Andreu Navarra Ordoño,"Ordoño, Andreu Navarra",,"=""""","=""""",0,4.14,Tusquets Editores S.A.,Kindle Edition,191,2019,,,2022/11/08,to-read,to-read (#65),to-read,,,,0,0
472626,Krabat,Otfried Preußler,"Preußler, Otfried",,"=""3522144104""","=""9783522144100""",0,3.94,Thienemanns,Paperback,296,1988,1971,,2022/11/07,to-read,to-read (#64),to-read,,,,0,0
60842915,"España fea: El caos urbano, el mayor fracaso de la democracia",Andrés Rubio,"Rubio, Andrés",,"=""""","=""""",0,3.68,,Kindle Edition,,2022,,,2022/11/01,to-read,to-read (#63),to-read,,,,0,0
21954673,La sociedad del cansancio,Byung-Chul Han,"Han, Byung-Chul",Arantzazu Saratxaga Arregi,"=""""","=""""",2,3.91,Herder,Kindle Edition,80,,2010,2022/10/31,2022/10/23,,,read,,,,1,0
26195941,The Age of Surveillance Capitalism: The Fight for a Human Future at the New Frontier of Power,Shoshana Zuboff,"Zuboff, Shoshana",,"=""1610395697""","=""9781610395694""",0,4.07,PublicAffairs,Hardcover,691,2019,2018,,2022/10/30,to-read,to-read (#62),to-read,,,,0,0
15763488,Ensayo sobre el cansancio,Peter Handke,"Handke, Peter",Eustaquio Barjau,"=""9504000452""","=""""",0,3.14,Alianza,Paperback,86,1990,1989,,2022/10/27,to-read,to-read (#61),to-read,,,,0,0
38500,Women,Charles Bukowski,"Bukowski, Charles",,"=""0061177598""","=""9780061177590""",0,3.83,Ecco,Paperback,291,2014,1978,,2022/10/22,to-read,to-read (#60),to-read,,,,0,0
7653881,La luna es una cruel amante,Robert A. Heinlein,"Heinlein, Robert A.",Manuel Mata Álvarez,"=""8498005035""","=""9788498005035""",0,4.16,La Factoría de Ideas,Paperback,352,2009,1966,,2022/10/08,to-read,to-read (#59),to-read,,,,0,0
44625703,Yerma (Edicion Miguel Garcia-Posada),Federico García Lorca,"Lorca, Federico García",,"=""8467023295""","=""9788467023299""",4,3.90,Espasa Calpe,Paperback,,,1934,2022/09/14,2022/09/13,,,read,,,,1,0
33574090,"What the Hell Did I Just Read (John Dies at the End, #3)",David  Wong,"Wong, David",Jason Pargin,"=""1250040205""","=""9781250040206""",0,4.17,St. Martin's Press,Hardcover,375,2017,2017,,2022/10/04,to-read,to-read (#58),to-read,,,,0,0
32880144,La poesía no es un proyecto,Dorothea Lasky,"Lasky, Dorothea",Cecilia Pavón,"=""""","=""""",0,4.26,Overol,Paperback,140,2016,2010,,2022/10/02,to-read,to-read (#57),to-read,,,,0,0
61533449,La poesía no se consume,Pier Paolo Pasolini,"Pasolini, Pier Paolo","Paula Caballero Sánchez, Oriana Fallaci","=""8418481668""","=""9788418481666""",0,3.93,Altamarea,Paperback,136,2022,2006,,2022/10/02,to-read,to-read (#56),to-read,,,,0,0
24868904,La democracia,Robert A. Dahl,"Dahl, Robert A.",,"=""""","=""9788434401501""",3,3.72,ARIEL,Paperback,272,2012,1998,2022/09/30,2022/09/17,,,read,"Es una exposición clara pero muy básica, y eso se nota a la hora de leer críticamente los argumentos. Ninguna de las ideas es especialmente iluminadora, si bien se agradece el marco bien cohesionado que proporciona.",,,1,0
55370943,Política y arquitectura: Por un urbanismo de lo común y ecofeminista,Josep Maria Montaner,"Montaner, Josep Maria","Zaida Muxí, Raquel Rolnik","=""""","=""""",0,4.25,,Kindle Edition,,2020,,,2022/09/28,"urbanismo, to-read","urbanismo (#3), to-read (#55)",to-read,,,,0,0
48516317,(h)amor4 propio,Irantzu Varela,"Varela, Irantzu","Txus García, Laura Latorre, Alina Zarekaite, Raquel Manchado, Roy Galán","=""9788412087""","=""""",0,3.90,Continta me tienes,Paperback,201,2019,,,2022/09/26,to-read,to-read (#54),to-read,,,,0,0
38833688,La superioridad moral de la izquierda,Ignacio Sánchez-Cuenca,"Sánchez-Cuenca, Ignacio",,"=""8483812223""","=""9788483812228""",0,3.82,Lengua de trapo,Paperback,140,2018,,,2022/09/25,to-read,to-read (#53),to-read,,,,0,0
57661136,Lo salvaje,Julia  Elliott,"Elliott, Julia",,"=""""","=""""",0,3.81,Horror Vacui,Paperback,296,2021,2014,,2022/09/24,to-read,to-read (#52),to-read,,,,0,0
32163511,El fuego y el sol,Iris Murdoch,"Murdoch, Iris",Juan José Herrera de la Muela,"=""""","=""""",0,3.92,Siruela,Kindle Edition,132,2016,1976,,2022/09/10,to-read,to-read (#51),to-read,,,,0,0
11230,The Bell,Iris Murdoch,"Murdoch, Iris",A.S. Byatt,"=""0141186690""","=""9780141186696""",4,3.90,Penguin,Paperback,296,2001,1958,2022/09/10,2022/08/14,,,read,,,,1,0
300818,Writing Degree Zero,Roland Barthes,"Barthes, Roland","Colin Smith, Annette Lavers, Susan Sontag","=""0374521395""","=""9780374521394""",0,3.87,Hill and Wang,Paperback,112,1990,1953,,2022/09/02,to-read,to-read (#50),to-read,,,,0,0
51900473,Los mitos de Cthulhu,Alberto Breccia,"Breccia, Alberto",H.P. Lovecraft,"=""8417575480""","=""9788417575489""",4,4.17,Astiberri,Paperback,128,2019,1975,,2022/06/15,,,read,Una locura de dibujos que captan a la perfección la atmósfera lovecraftiana.,,,1,0
23153581,Distancia de rescate,Samanta Schweblin,"Schweblin, Samanta",,"=""""","=""9788439729488""",0,3.74,Literatura Random House,Paperback,128,2015,2014,,2022/08/21,to-read,to-read (#49),to-read,,,,0,0
51785,The Principles of Mathematics,Bertrand Russell,"Russell, Bertrand",,"=""0393314049""","=""9780393314045""",0,4.03,W. W. Norton  Company,Paperback,576,1996,1903,,2022/08/17,to-read,to-read (#48),to-read,,,,0,0
39676264,Cuentos,John Cheever,"Cheever, John",,"=""""","=""""",0,4.27,LITERATURA RANDOM HOUSE,Kindle Edition,1141,2018,1978,,2022/08/15,to-read,to-read (#47),to-read,,,,0,0
6507041,Enciclopedia de los muertos,Danilo Kiš,"Kiš, Danilo",Nevenka Vasiljević,"=""849683459X""","=""9788496834590""",0,4.08,Acantilado,Paperback,208,2008,1983,,2022/08/15,to-read,to-read (#46),to-read,,,,0,0
35394156,No sé de ningún mundo mejor,Ingeborg Bachmann,"Bachmann, Ingeborg","Jan Pohl, Isolde Moser, Heinz Bachmann","=""8475177549""","=""9788475177540""",0,4.12,Hiperión,Paperback,298,2003,2000,,2022/08/06,to-read,to-read (#45),to-read,,,,0,0
1536693,Tótem y tabú,Sigmund Freud,"Freud, Sigmund",Luis López-Ballesteros y de Torres,"=""8420638463""","=""9788420638461""",2,3.85,Alianza,Mass Market Paperback,206,1999,1913,2022/07/19,2022/06/26,,,read,,,,1,0
58446227,Sea of Tranquility,Emily St. John Mandel,"Mandel, Emily St. John",,"=""0593321448""","=""9780593321447""",0,4.15,Knopf,Hardcover,255,2022,2022,,2022/07/14,to-read,to-read (#44),to-read,,,,0,0
58587163,Heaven in Disorder,Slavoj Žižek,"Žižek, Slavoj",,"=""""","=""9781682192832""",0,3.77,OR Books,Paperback,240,2021,2021,,2022/07/07,to-read,to-read (#43),to-read,,,,0,0
60818212,Facendera,Óscar García Sierra,"Sierra, Óscar García",,"=""8433999532""","=""9788433999535""",0,3.82,Anagrama,Paperback,160,2022,2022,,2022/06/22,to-read,to-read (#42),to-read,,,,0,0
24885533,The Paper Menagerie and Other Stories,Ken Liu,"Liu, Ken",,"=""1481442546""","=""9781481442541""",0,4.37,Gallery / Saga Press,Hardcover,464,2016,2016,,2022/06/21,to-read,to-read (#41),to-read,,,,0,0
52163147,The Hidden Girl and Other Stories,Ken Liu,"Liu, Ken",,"=""""","=""""",0,3.93,Saga Press,Hardcover,411,2020,2020,,2022/06/21,to-read,to-read (#40),to-read,,,,0,0
57106040,La anomalía,Hervé Le Tellier,"Tellier, Hervé Le",Pablo Martín Sánchez,"=""""","=""9788432237928""",4,3.84,Seix Barral,Paperback,366,2021,2020,2022/06/20,2022/06/04,,,read,,,,1,0
55851402,Refugiats Climàtics: un gran repte del segle XXI,Miguel Pajares,"Pajares, Miguel",,"=""""","=""9788417925338""",0,4.24,Raig Verd Editorial,Paperback,280,2020,,,2020/11/13,to-read,to-read (#8),to-read,,,,0,0
58516312,Primera persona del singular,Haruki Murakami,"Murakami, Haruki",Juan Francisco González Sánchez,"=""""","=""9788411070140""",0,3.55,Tusquets,Paperback,288,2021,2020,,2022/06/13,to-read,to-read (#39),to-read,,,,0,0
12938,King Lear,William Shakespeare,"Shakespeare, William",William James Rolfe,"=""""","=""""",4,3.91,Simon & Schuster,Mass Market Paperback,338,2004,1605,2022/06/11,2020/11/02,,,read,,,,1,0
59078448,Mutaciones en el espacio público,Athena Athanasiou,"Athanasiou, Athena","Haizea Barcenilla, Eneas Bernal, Amador Fernández-Savater, Marcos García, Alexander Koch, Amparo Lasen, Anastassia Makridou-Bretonneau, Mary Mattingly, Sören Meschede, Fran Quiroga, Jara Rocha, Leticia Sabsay, Maria Shéhérazade Giudici, Hito Steyerl, Lyndsey Stonebridge, Jose Maria Torres Nadal","=""""","=""9788412030280""",2,4.12,Bartlebooth,Paperback,158,2021,,2022/06/11,2021/09/26,,,read,,,,1,0
60466578,Hierba,Keum Suk Gendry-Kim,"Gendry-Kim, Keum Suk",Joo Hasun,"=""8418052074""","=""9788418052071""",4,4.51,Reservoir Books,Paperback,488,2022,2017,2022/06/09,2022/05/28,,,read,,,,1,0
49976295,Urbanismo Feminista. Por una transformación radical de los espacios de vida.,Col·lectiu Punt 6,"6, Col·lectiu Punt",,"=""""","=""9788492559992""",3,3.98,Virus Editorial,,224,2019,,,2022/06/08,,,read,Contiene ideas buenas pero me ha parecido muy repetitivo en la presentación y me quedo esperando más concreción en cómo aplicar los criterios metodológicos que se exponen.,,,1,0
41587567,Los asquerosos,Santiago Lorenzo,"Lorenzo, Santiago",Guim Tió,"=""8417059997""","=""9788417059996""",0,3.81,Blackie Books,Hardcover,221,2018,2018,,2022/06/07,to-read,to-read (#38),to-read,,,,0,0
59980,Batman: Year One,Frank Miller,"Miller, Frank","David Mazzucchelli, Richmond Lewis, Dennis O'Neil, Todd Klein","=""1401207529""","=""9781401207526""",4,4.23,DC Comics,Paperback,144,2007,1987,2022/05/27,2022/05/24,,,read,,,,1,0
34875748,Qwertyuiop (Ensayos 4),Rafael Sánchez Ferlosio,"Ferlosio, Rafael Sánchez",,"=""""","=""""",0,4.11,DEBATE,Kindle Edition,869,2017,,,2022/05/18,to-read,to-read (#37),to-read,,,,0,0
42123014,Bajo la red,Iris Murdoch,"Murdoch, Iris","Javier Alfaya, Barbara McShane","=""8417115897""","=""9788417115890""",5,3.77,Impedimenta,Paperback,352,2018,1954,2022/05/09,2022/05/02,,,read,Lleno de genialidades y con varios capítulos desternillantes. Un ritmo genial.,,,1,0
34275217,If We Were Villains,M.L. Rio,"Rio, M.L.",,"=""1250095298""","=""9781250095299""",0,4.23,Flatiron Books,Paperback,354,2018,2017,,2022/04/30,to-read,to-read (#36),to-read,,,,0,0
43292813,Serotonina,Michel Houellebecq,"Houellebecq, Michel",Vincenzo Vega,"=""8893447398""","=""9788893447393""",0,3.58,La nave di Teseo,Paperback,332,2019,2019,,2022/04/26,to-read,to-read (#35),to-read,,,,0,0
39346694,Lo raro y lo espeluznante,Mark Fisher,"Fisher, Mark",Núria Molines Galarza,"=""8494742388""","=""9788494742385""",4,4.04,Alpha Decay,Paperback,168,2018,2016,2022/04/23,2020/09/14,,,read,"Creo que hay momentos en la segunda parte del libro, la que habla de lo espeluznante, en que Fisher deja de ser fiel a la realidad de la experiencia que se supone que está describiendo. Peca de lo mismo que le achaca a Freud al principio del libro, este tratar de explicar demasiado con su teoría, y Fisher hace un stretch al tratar de englobar bajo el adjetivo de espeluznante cosas que el resto del mundo no considera tal (para mí, el ejemplo más claro es Interestellar). Me dice una amiga ""bueno, de acuerdo a su definición…"", pero ese es precisamente el problema. Esto no es un juego matemático en que nos damos una definición abstracta y deducimos lo que sigue. Es un ensayo que pretende desentrañar qué es lo espeluznante como emoción compartida y reconocida por todos, se trata de explicar nuestro lenguaje. Salvando esta crítica, el libro es muy disfrutable, la primera parte acerca de lo raro me parece coherente y sin el fallo anterior, e incluso la primera porción de la parte sobre lo espeluznante está bien elaborada y los comentarios sobre las películas son enriquecedores. Mi impresión es que es más difícil de asir el concepto de lo espeluznante, o no tiene tanto éxito al determinarlo y queda más difuso que el primero.",,,1,0
18372224,Notes On Writing Weird Fiction,H.P. Lovecraft,"Lovecraft, H.P.",,"=""""","=""""",0,3.79,,,,,2012,,2022/04/16,to-read,to-read (#34),to-read,,,,0,0
32277642,The King in Yellow,Robert W. Chambers,"Chambers, Robert W.",,"=""153905344X""","=""9781539053446""",0,3.51,Createspace Independent Publishing Platform,Paperback,224,2016,1895,,2022/04/14,,,read,,,,1,0
7056969,El hombre que amaba a los perros,Leonardo Padura,"Padura, Leonardo",,"=""8483831368""","=""9788483831366""",3,4.46,Tusquets,Paperback,573,2010,2009,2022/04/13,2022/02/22,,,read,,,,1,0
60801411,El Pensamiento Nocturno de Goya. En la Noche de los Disparates,Luis Peñalver Alhambra,"Alhambra, Luis Peñalver",,"=""""","=""9788417786083""",0,0.0,Taugenit,Hardcover,232,2020,,,2022/04/12,to-read,to-read (#33),to-read,,,,0,0
617146,Contemporary Linguistics: An Introduction,William D. O'Grady,"O'Grady, William D.","John Archibald, Mark Aronoff","=""0312419368""","=""9780312419363""",0,3.83,Bedford Books,Paperback,720,2004,1987,,2021/07/31,on-hold,on-hold (#7),on-hold,,,,0,0
58896866,Jot Down Magazine #36,Various,"Various, Various",,"=""""","=""""",0,4.50,WabiSabi Investments,Paperback,270,,2021,,2022/04/08,,,read,,,,1,0
3891879,Jaime Gil de Biedma: conversaciones,Jaime Gil de Biedma,"Biedma, Jaime Gil de",Javier Pérez Escohotado,"=""8476695705""","=""9788476695708""",0,3.83,El Aleph Editores,Paperback,272,2002,2002,,2021/12/04,on-hold,on-hold (#6),on-hold,,,,0,0
6763725,Capitalist Realism: Is There No Alternative?,Mark Fisher,"Fisher, Mark",,"=""1846943175""","=""9781846943171""",4,4.23,Zero Books,Paperback,81,2009,2009,2022/04/04,2021/12/29,,,read,,,,1,0
38340,Syntactic Structures,Noam Chomsky,"Chomsky, Noam",David W. Lightfoot,"=""3110172798""","=""9783110172799""",0,3.84,Walter de Gruyter,Hardcover,135,2012,1957,,2022/03/12,to-read,to-read (#32),to-read,,,,0,0
230530,El gran cuaderno,Ágota Kristóf,"Kristóf, Ágota",,"=""8432245763""","=""9788432245763""",0,4.17,Seix Barral,Paperback,192,1986,1986,,2022/03/01,to-read,to-read (#31),to-read,,,,0,0
11084145,Steve Jobs,Walter Isaacson,"Isaacson, Walter",,"=""1451648537""","=""9781451648539""",0,4.16,Simon & Schuster,Hardcover,630,2011,2011,,2022/02/26,,,read,,,,1,0
282553,"El mar, el mar",Iris Murdoch,"Murdoch, Iris",Marta Isabel Gustavino Castro,"=""8497936493""","=""9788497936491""",5,3.94,DeBolsillo,Mass Market Paperback,736,2009,1978,2022/02/03,2021/12/26,,,read,,,,1,0
71565,El nombre de la rosa,Umberto Eco,"Eco, Umberto",Ricardo Pochtar,"=""9872060959""","=""9789872060954""",4,4.13,Debolsillo,Paperback,493,2003,1980,,2022/01/05,,,read,,,,1,0
2568513,Alice's Adventures in Wonderland,Lewis Carroll,"Carroll, Lewis",Chris Riddell,"=""0141321075""","=""9780141321073""",3,4.00,Puffin Classics,Paperback,146,2008,1865,2021/10/07,2021/10/03,,,read,,,,1,0
59637331,Decir el mal: La destrucción del nosotros,Ana Carrasco-Conde,"Carrasco-Conde, Ana",,"=""8418807199""","=""9788418807190""",0,3.75,Galaxia Gutenberg,Paperback,240,2021,2021,,2021/11/28,to-read,to-read (#30),to-read,,,,0,0
58111720,La España en la que nunca pasa nada,Sergio Andrés Cabello,"Cabello, Sergio Andrés",,"=""9788416842""","=""""",0,3.50,Foca Ediciones y Distribuciones Generales,Paperback,256,2021,,,2021/11/06,to-read,to-read (#29),to-read,,,,0,0
3206751,Antón Chéjov,Natalia Ginzburg,"Ginzburg, Natalia",Celia Filipetto Isicato,"=""8496489493""","=""9788496489493""",0,3.74,Acantilado,Paperback,88,2006,,,2021/10/31,to-read,to-read (#28),to-read,,,,0,0
25912206,The Noise of Time,Julian Barnes,"Barnes, Julian",,"=""1910702609""","=""9781910702604""",0,3.74,Jonathan Cape,Hardcover,184,2016,2016,,2021/10/28,to-read,to-read (#27),to-read,,,,0,0
15730101,The Call of Cthulhu,H.P. Lovecraft,"Lovecraft, H.P.",,"=""""","=""""",3,3.98,"Amazon Digital Services, Inc.",Kindle Edition,43,2011,1928,2021/10/22,2021/10/13,,,read,,,,1,0
58433415,La casa al final de Needless Street,Catriona Ward,"Ward, Catriona","Cristina Macía, Octavi Segarra","=""""","=""9788413624501""",0,3.87,Runas (Alianza Editorial),Paperback,336,2021,2021,,2021/10/06,to-read,to-read (#26),to-read,,,,0,0
32140926,Cultura en tensión,Jordi Oliveras,"Oliveras, Jordi",,"=""""","=""9788416689002""",0,4.12,Rayo Verde Editorial,Paperback,159,2016,,,2021/09/26,to-read,to-read (#25),to-read,,,,0,0
29581,"Foundation and Empire (Foundation, #2)",Isaac Asimov,"Asimov, Isaac",,"=""0553803727""","=""9780553803723""",3,4.22,Spectra Books,Hardcover,244,2004,1952,2021/09/10,2021/07/30,,,read,,,,1,0
40648411,"Playa Burbuja, un viaje al reino de los señores del ladrillo",Ana Tudela,"Tudela, Ana",Antonio Delgado,"=""""","=""9788494886508""",0,4.67,Datadista,Paperback,516,2018,,,2021/08/26,to-read,to-read (#24),to-read,,,,0,0
56270733,MIENTRAS AGONIZO (Traducción Actualizada),William Faulkner,"Faulkner, William",Alfredo Carnevale,"=""""","=""""",0,4.29,,Kindle Edition,,2020,,,2021/08/24,to-read,to-read (#23),to-read,,,,0,0
45152739,Opt Art: From Mathematical Optimization to Visual Design,Robert Bosch,"Bosch, Robert",,"=""0691164061""","=""9780691164069""",4,4.52,Princeton University Press,Hardcover,200,2019,,2021/08/23,2021/08/23,,,read,,,,1,0
24113,"Gödel, Escher, Bach: An Eternal Golden Braid",Douglas R. Hofstadter,"Hofstadter, Douglas R.",,"=""0465026567""","=""9780465026562""",0,4.29,Basic Books,Paperback,756,1999,1979,,2021/08/19,to-read,to-read (#22),to-read,,,,0,0
22320455,If the Oceans Were Ink: An Unlikely Friendship and a Journey to the Heart of the Quran,Carla Power,"Power, Carla",,"=""0805098194""","=""9780805098198""",0,4.10,Holt Paperbacks,Paperback,352,2015,2015,,2021/08/09,to-read,to-read (#21),to-read,,,,0,0
53687,"Fundación (Fundación; Orden de publicación, #1)",Isaac Asimov,"Asimov, Isaac",Pilar Giralt Gorina,"=""1400000823""","=""9781400000821""",5,4.17,"Plaza & Janés Editories, S.A.",Paperback,264,2002,1951,2021/07/29,2021/07/22,,,read,He disfrutado un montón leyendo las estrategias que desarrollan Salvor Hardin y Hober Mallow.,,,1,0
57515385,Los días perfectos,Jacobo Bergareche,"Bergareche, Jacobo",,"=""8417977627""","=""9788417977627""",4,3.85,Libros del Asteroide,Paperback,184,2021,2021,2021/07/20,2021/05/29,,,read,,,,1,0
15997,Paradise Lost,John Milton,"Milton, John",John      Leonard,"=""0140424393""","=""9780140424393""",0,3.83,Penguin Classics,Paperback,453,2003,1667,,2021/07/05,to-read,to-read (#20),to-read,,,,0,0
52096977,Ensayo sobre el día logrado: Sueño de un día de invierno (El Libro De Bolsillo - Bibliotecas De Autor - Biblioteca Handke),Peter Handke,"Handke, Peter",Eustaquio Barjau,"=""""","=""""",0,3.02,Alianza Editorial,Kindle Edition,88,2019,1991,,2021/06/30,to-read,to-read (#19),to-read,,,,0,0
57298394,Da igual: Los veinticinco cuentos despiadados de Agota Kristof,Ágota Kristóf,"Kristóf, Ágota",Rubén Martín Giráldez,"=""""","=""9788412290141""",0,3.67,Alpha Decay,Paperback,80,2021,2005,,2021/06/29,to-read,to-read (#18),to-read,,,,0,0
40138871,Laurie,Stephen King,"King, Stephen",,"=""""","=""""",3,3.70,Stephen King,ebook,32,2018,2018,2021/06/24,2021/06/21,,,read,,,,1,0
54427135,I'm Waiting for You and Other Stories,Bo-Young Kim,"Kim, Bo-Young","Sophie Bowman, Sung Ryu","=""0062951467""","=""9780062951465""",3,3.76,Harper Voyager,Hardcover,321,2021,2021,2021/06/20,2021/05/23,,,read,,,,1,0
248871,"Berserk, Vol. 1 (Berserk, #1)",Kentaro Miura,"Miura, Kentaro",Jason DeAngelis,"=""1593070209""","=""9781593070205""",0,4.48,Dark Horse Manga,Paperback,224,2003,1990,,2021/06/12,to-read,to-read (#17),to-read,,,,0,0
34466958,Bullshit Jobs: A Theory,David Graeber,"Graeber, David",,"=""150114331X""","=""9781501143311""",0,4.03,Simon & Schuster,Hardcover,335,2018,2018,,2020/11/21,on-hold,on-hold (#5),on-hold,,,,0,0
65105,Momentos estelares de la humanidad. Catorce miniaturas históricas,Stefan Zweig,"Zweig, Stefan",Berta Vias Mahou,"=""8495359928""","=""9788495359926""",3,4.23,El Acantilado,Paperback,312,2002,1927,2021/05/13,2021/04/14,,,read,,,,1,0
89717,The Haunting of Hill House,Shirley Jackson,"Jackson, Shirley",Laura   Miller,"=""0143039989""","=""9780143039983""",0,3.83,Penguin Classics,Paperback,182,2006,1959,,2021/04/22,to-read,to-read (#16),to-read,,,,0,0
8366074,"The Handmaid's Tale (The Handmaid's Tale, #1)",Margaret Atwood,"Atwood, Margaret",,"=""0099511665""","=""9780099511663""",5,4.13,Vintage Classics,Paperback,324,2010,1985,2021/04/14,2021/03/24,,,read,,,,1,0
223380,Stories of Your Life and Others,Ted Chiang,"Chiang, Ted",,"=""0330426648""","=""9780330426640""",5,4.25,Small Beer Press,ebook,281,2010,2002,2021/03/20,2021/02/23,,,read,,,,1,0
44767458,"Dune (Dune, #1)",Frank Herbert,"Herbert, Frank",,"=""059309932X""","=""9780593099322""",3,4.25,Ace Books,Hardcover,658,2019,1965,2021/02/08,2020/12/27,,,read,,,,1,0
20613671,Economics: The User's Guide,Ha-Joon Chang,"Chang, Ha-Joon",,"=""1620408120""","=""9781620408124""",0,4.17,Bloomsbury Press,Hardcover,384,2014,2014,,2020/11/11,on-hold,on-hold (#4),on-hold,,,,0,0
55054087,"Otoño (Cuarteto estacional, #1)",Ali Smith,"Smith, Ali",Magdalena Palmer,"=""""","=""9788418067969""",0,3.69,Nórdica,Paperback,228,2020,2016,,2021/01/11,to-read,to-read (#15),to-read,,,,0,0
56073728,"Gente de aquí, gente de allí",Quan Zhou Wu,"Wu, Quan Zhou",,"=""8418215135""","=""9788418215131""",0,4.17,Astiberri,Paperback,200,2021,2020,,2021/01/11,to-read,to-read (#14),to-read,,,,0,0
16685268,Social Acceleration: A New Theory of Modernity,Hartmut Rosa,"Rosa, Hartmut",,"=""0231148348""","=""9780231148344""",0,4.39,Columbia University Press,Hardcover,512,2013,2005,,2021/01/09,to-read,to-read (#13),to-read,,,,0,0
2725,Illuminations: Essays and Reflections,Walter Benjamin,"Benjamin, Walter","Hannah Arendt, Harry Zohn, Leon Wieseltier","=""0805202412""","=""9780805202410""",0,4.30,Schocken,Paperback,288,1969,1955,,2020/12/17,to-read,to-read (#12),to-read,,,,0,0
31842429,Patria,Fernando Aramburu,"Aramburu, Fernando",Willi Zurbrüggen,"=""""","=""""",5,4.39,Tusquets,Kindle Edition,889,2016,2016,2020/12/09,2020/11/01,,,read,,,,1,0
36119162,Cómo concebir el urbanismo,Le Corbusier,"Corbusier, Le",,"=""""","=""9789879393116""",0,4.17,,Paperback,214,,,,2020/11/27,"to-read, urbanismo","to-read (#11), urbanismo (#2)",to-read,,,,0,0
44451608,"Better Buses, Better Cities: How to Plan, Run, and Win the Fight for Effective Transit",Steven Higashide,"Higashide, Steven",,"=""1642830143""","=""9781642830149""",0,4.27,Island Press,Paperback,184,2019,,,2020/11/27,"urbanismo, to-read","urbanismo (#1), to-read (#10)",to-read,,,,0,0
22245334,"The Utopia of Rules: On Technology, Stupidity, and the Secret Joys of Bureaucracy",David Graeber,"Graeber, David",,"=""1612193749""","=""9781612193748""",0,4.01,Melville House,Hardcover,261,2015,2013,,2020/11/21,to-read,to-read (#9),to-read,,,,0,0
24479142,El desmoronamiento: Una crónica íntima de la nueva América,George Packer,"Packer, George",,"=""8499924697""","=""9788499924694""",0,4.13,Debate,Paperback,528,2015,2013,,2020/11/06,to-read,to-read (#7),to-read,,,,0,0
8852,Macbeth,William Shakespeare,"Shakespeare, William",,"=""0743477103""","=""9780743477109""",4,3.90,Simon & Schuster,Mass Market Paperback,249,2013,1623,,2020/11/02,,,read,,,,1,0
223438,Crow: From The Life And Songs Of The Crow,Ted Hughes,"Hughes, Ted",,"=""0571202357""","=""9780571202355""",0,4.07,Faber and Faber,Paperback,96,1999,1970,,2020/05/04,on-hold,on-hold (#3),on-hold,,,,0,0
34507561,The Panama Papers: Breaking the Story of How the Rich and Powerful Hide Their Money,Bastian Obermayer,"Obermayer, Bastian","Frederik Obermaier, Simon Pare, Seiriol Dafydd, Alice Paul","=""1786070707""","=""9781786070708""",0,4.07,Oneworld Publications,Paperback,400,2017,2016,,2020/04/29,on-hold,on-hold (#1),on-hold,,,,0,0
42601188,La tabla rasa,Steven Pinker,"Pinker, Steven",,"=""8449334632""","=""9788449334634""",0,4.09,Paidos,Paperback,,2018,2002,,2020/05/26,on-hold,on-hold (#2),on-hold,,,,0,0
6320534,Under the Dome,Stephen King,"King, Stephen",,"=""1439148503""","=""9781439148501""",5,3.91,Scribner,Hardcover,1074,2009,2009,,2020/11/01,,,read,,,,1,0
11564,The Girl Who Loved Tom Gordon,Stephen King,"King, Stephen",,"=""1416524290""","=""9781416524298""",3,3.62,Pocket Books,Paperback,264,2000,1999,,2020/11/01,,,read,,,,1,0
6346975,Moonwalking with Einstein: The Art and Science of Remembering Everything,Joshua Foer,"Foer, Joshua",,"=""159420229X""","=""9781594202292""",0,3.88,"Penguin Press HC, The",Hardcover,307,2011,2011,,2020/11/01,,,read,,,,1,0
1420,Hamlet,William Shakespeare,"Shakespeare, William","Harold Bloom, André Gide, Rex Gibson, Israel Gollancz, Henry Norman Hudson, L.A. Sherman, Max J. Herzberg, Gregorio Martínez Sierra","=""0521618746""","=""9780521618748""",0,4.03,Cambridge University Press,Paperback,289,2005,1601,,2020/10/29,to-read,to-read (#6),to-read,,,,0,0
386162,"The Hitchhiker's Guide to the Galaxy (The Hitchhiker's Guide to the Galaxy, #1)",Douglas Adams,"Adams, Douglas",,"=""""","=""""",0,4.23,Del Rey,Paperback,193,2007,1979,,2020/10/29,to-read,to-read (#5),to-read,,,,0,0
13079982,Fahrenheit 451,Ray Bradbury,"Bradbury, Ray",,"=""""","=""""",0,3.97,Simon & Schuster,Kindle Edition,194,2011,1953,,2020/10/29,to-read,to-read (#4),to-read,,,,0,0
4671,The Great Gatsby,F. Scott Fitzgerald,"Fitzgerald, F. Scott",,"=""""","=""""",4,3.93,Scribner,Paperback,180,1925,1925,,2020/10/27,,,read,,,,1,0
21265321,Bloodchild,Octavia E. Butler,"Butler, Octavia E.",,"=""""","=""""",5,4.06,Headline,Kindle Edition,31,2014,1984,,2020/10/27,,,read,,,,1,0
3980124,"El viajero (La puerta oscura, #1)",David Lozano Garbala,"Garbala, David Lozano",,"=""8467527218""","=""9788467527216""",2,3.73,SM,Hardcover,656,2008,2008,2020/10/25,2020/10/02,,,read,,,,1,0
54474730,Daddy issues,Katherine Angel,"Angel, Katherine",Alberto García Marcos,"=""""","=""9788412144222""",4,3.42,,,80,2020,2019,2020/07/13,2020/07/13,,,read,"Short, interesting and somewhat elightening. The kind of book that you can agree with and helps you put names and give entity to ideas that may already be wandering in your head, and stories and background to underpin them. I will be rereading it in the following days to reinforce the key points.",,,1,0
41160292,Exhalation,Ted Chiang,"Chiang, Ted",,"=""""","=""""",5,4.27,Knopf,Kindle Edition,368,2019,2019,2020/08/17,2020/06/29,,,read,,,,1,0
35605205,Monet: Nómada de la Luz,Salva Rubio,"Rubio, Salva",Ricard Efa,"=""""","=""9788467926705""",0,3.92,Norma,Hardcover,112,2017,2017,,2020/08/07,to-read,to-read (#3),to-read,,,,0,0
415,Gravity's Rainbow,Thomas Pynchon,"Pynchon, Thomas",,"=""0143039946""","=""9780143039945""",0,4.00,Penguin Books,Paperback,776,2006,1973,,2020/07/13,to-read,to-read (#2),to-read,,,,0,0
20170404,Station Eleven,Emily St. John Mandel,"Mandel, Emily St. John",,"=""0385353308""","=""9780385353304""",4,4.07,Knopf,Hardcover,333,2014,2014,2020/04/29,2020/04/29,,,read,,,,1,0
24800,House of Leaves,Mark Z. Danielewski,"Danielewski, Mark Z.",,"=""038560310X""","=""9780385603102""",5,4.09,Random House,Paperback,710,2000,2000,,2020/05/13,,,read,,,,1,0
13565012,Occupy (Occupied Media Pamphlet Series),Noam Chomsky,"Chomsky, Noam","Greg Ruggiero, Edward Radzivilovskiy, National Lawyers Guild","=""1884519016""","=""9781884519017""",0,3.60,Zuccotti Park Press,Paperback,128,2012,2012,,2020/04/29,to-read,to-read (#1),to-read,,,,0,0
40002929,Belleza,Kerascoët,"Kerascoët, Kerascoët","Hubert, Bermúdez Carballo, Lucía","=""""","=""9788416880553""",4,3.98,Astiberri,Hardcover,160,2018,2014,,2020/03/31,,,read,Ñ,,,1,0
186074,"The Name of the Wind (The Kingkiller Chronicle, #1)",Patrick Rothfuss,"Rothfuss, Patrick",,"=""075640407X""","=""9780756404079""",5,4.52,Penguin Group DAW,Hardcover,662,2007,2007,,2020/03/31,,,read,,,,1,0
13496,"A Game of Thrones (A Song of Ice and Fire, #1)",George R.R. Martin,"Martin, George R.R.",,"=""0553588486""","=""9780553588484""",5,4.44,Bantam,Mass Market Paperback,835,2005,1996,,2020/03/31,,,read,,,,1,0
17245,Dracula,Bram Stoker,"Stoker, Bram","Rubén Toledo, Nina Auerbach, David J. Skal","=""0393970124""","=""9780393970128""",3,4.01,Norton,Paperback,488,1986,1897,,2020/03/31,,,read,,,,1,0
22557272,The Girl on the Train,Paula Hawkins,"Hawkins, Paula",,"=""1594633665""","=""9781594633669""",4,3.95,Riverhead Books,Hardcover,336,2015,2015,,2020/03/31,,,read,,,,1,0
2429135,"The Girl with the Dragon Tattoo (Millennium, #1)",Stieg Larsson,"Larsson, Stieg",Reg Keeland,"=""0670069019""","=""9780670069019""",5,4.16,Knopf,Hardcover,480,2008,2005,,2020/03/31,,,read,,,,1,0
10614,Misery,Stephen King,"King, Stephen",,"=""0450417395""","=""9780450417399""",4,4.20,New English Library,Paperback,370,1988,1987,,2020/03/31,,,read,,,,1,0
23807,"The Silence of the Lambs  (Hannibal Lecter, #2)",Thomas  Harris,"Harris, Thomas",,"=""""","=""""",4,4.23,Arrow Books,Paperback,421,2002,1988,,2020/03/31,,,read,,,,1,0
830502,It,Stephen King,"King, Stephen",,"=""0450411435""","=""9780450411434""",3,4.25,New English Library,Paperback,1116,1987,1986,,2020/03/31,,,read,,,,1,0
11588,The Shining,Stephen King,"King, Stephen",,"=""0450040186""","=""9780450040184""",3,4.26,New English Library (Hodder & Stoughton) ,Paperback,659,1980,1977,,2020/03/31,,,read,,,,1,0
17856572,"Watchmen #1 of 12: At Midnight, All The Agents.... (Watchmen, #1)",Alan Moore,"Moore, Alan","Dave Gibbons, John    Higgins, Len Wein","=""""","=""""",5,4.32,DC Comics,Paperback,34,1986,1986,,2020/03/31,,,read,,,,1,0
91950,The Myth of Sisyphus,Albert Camus,"Camus, Albert","Justin O'Brien, Corrado Rosso, James  Wood","=""0141182008""","=""9780141182001""",4,4.17,Penguin Classics,Paperback,192,2000,1942,,2020/03/31,,,read,,,,1,0
298275,Nausea,Jean-Paul Sartre,"Sartre, Jean-Paul","Hayden Carruth, Lloyd Alexander","=""0811201880""","=""9780811201889""",4,3.93,New Directions,Hardcover,178,1969,1938,,2020/03/31,,,read,,,,1,0
11989,The Plague,Albert Camus,"Camus, Albert",Stuart Gilbert,"=""""","=""""",5,4.02,Vintage International,Paperback,308,1991,1947,,2020/03/30,,,read,,,,1,0
16631,Steppenwolf,Hermann Hesse,"Hesse, Hermann",Basil Creighton,"=""0140282580""","=""9780140282580""",5,4.13,Penguin,Paperback,256,1999,1927,,2020/03/30,,,read,,,,1,0
49552,The Stranger,Albert Camus,"Camus, Albert",Matthew  Ward,"=""""","=""""",4,4.01,Vintage International,Paperback,159,1989,1942,,2020/03/30,,,read,,,,1,0
7624,Lord of the Flies,William Golding,"Golding, William",,"=""0140283331""","=""9780140283334""",4,3.69,Penguin Books ,Paperback,182,1999,1954,,2020/03/30,,,read,,,,1,0
170448,Animal Farm,George Orwell,"Orwell, George","Russell Baker, C.M. Woodhouse","=""0451526341""","=""9780451526342""",4,3.98,Signet Classics,Mass Market Paperback,141,1996,1945,,2020/03/30,,,read,,,,1,0
5129,Brave New World,Aldous Huxley,"Huxley, Aldous",,"=""0060929871""","=""9780060929879""",5,3.99,HarperPerennial / Perennial Classics,Paperback,268,1998,1932,,2020/03/30,,,read,,,,1,0
40961427,1984,George Orwell,"Orwell, George",,"=""""","=""""",5,4.19,Houghton Mifflin Harcourt,Kindle Edition,298,2013,1949,,2020/03/30,,,read,,,,1,0
